Language,String of the Title
ENGLISH,Mr.
ENGLISH,Mr
ENGLISH,Mister
ENGLISH,Mrs.
ENGLISH,Mrs
ENGLISH,Miss
ENGLISH,Ms.
ENGLISH,Ms
ENGLISH,Mx.
ENGLISH,Mx
ENGLISH,Master
ENGLISH,Mstr.
ENGLISH,Dr.
ENGLISH,Dr
ENGLISH,Doctor
ENGLISH,Prof.
ENGLISH,Prof
ENGLISH,Professor
ENGLISH,Esq.
ENGLISH,Esquire
ENGLISH,Captain
ENGLISH,Coach
ENGLISH,Officer
ENGLISH,The Reverend
ENGLISH,The Rev.
ENGLISH,The Revd
ENGLISH,The Rev'd
ENGLISH,Father
ENGLISH,Rabbi
ENGLISH,Sir
ENGLISH,Madam
ENGLISH,Ma'am
ENGLISH,Your Honour
ENGLISH,Your Honor
ENGLISH,Your Honours
ENGLISH,Your Honors
ENGLISH,Your Lordship
ENGLISH,My Lord
ENGLISH,Your Ladyship
ENGLISH,My Lady
ENGLISH,Justice
ENGLISH,Your Majesty
ENGLISH,His Majesty
ENGLISH,Her Majesty
ENGLISH,Their Majesties
ENGLISH,Your Royal Highness
ENGLISH,His Royal Highness
ENGLISH,Her Royal Highness
ENGLISH,Their Royal Highnesses
ENGLISH,Your Grace
ENGLISH,His Grace
ENGLISH,Her Grace
ENGLISH,The Most Honourable
ENGLISH,The Most Hon
ENGLISH,The Most Honble
ENGLISH,The Right Honourable
ENGLISH,The Rt Hon
ENGLISH,The Rt Honble
ENGLISH,The Honourable
ENGLISH,The Hon
ENGLISH,The Honble
ENGLISH,The Much Honoured
ENGLISH,The Much Hon
ENGLISH,The Much Hon'd
ENGLISH,The Most Reverend
ENGLISH,The Most Rev
ENGLISH,The Most Revd
ENGLISH,The Most Rev'd
ENGLISH,The Right Reverend
ENGLISH,The Rt Rev
ENGLISH,The Rt Revd
ENGLISH,The Rt Rev'd
ENGLISH,The Very Reverend
ENGLISH,The Very Rev
ENGLISH,The Very Revd
ENGLISH,The Very Rev'd
ENGLISH,The Venerable
ENGLISH,The Ven
ENGLISH,The Venble
ENGLISH,Admiral
ENGLISH,Colonel
ENGLISH,General
ENGLISH,Field Marshal
ENGLISH,Lieutenant General
ENGLISH,Major General
ENGLISH,Brigadier
ENGLISH,Lieutenant Colonel
ENGLISH,Major
ENGLISH,Lieutenant
ENGLISH,Second Lieutenant
ENGLISH,Officer Cadet
ENGLISH,Warrant Officer Class One
ENGLISH,Warrant Officer Class Two
ENGLISH,Staff Sergeant
ENGLISH,Sergeant
ENGLISH,Corporal
ENGLISH,Lance Corporal
ENGLISH,Private
ENGLISH,Trooper
ENGLISH,Gunner
ENGLISH,Guardsman
ENGLISH,Sapper
ENGLISH,Signalman
ENGLISH,Fusilier
ENGLISH,Craftsman
ENGLISH,Rifleman
ENGLISH,Lord
ENGLISH,Lady
ENGLISH,Duke
ENGLISH,Duchess
ENGLISH,Marquess
ENGLISH,Marchioness
ENGLISH,Earl
ENGLISH,Countess
ENGLISH,Viscount
ENGLISH,Viscountess
ENGLISH,Baron
ENGLISH,Baroness
ENGLISH,Messrs.
ENGLISH,Mmes.
ENGLISH,Misses
ENGLISH,Mr President
ENGLISH,Madam President
ENGLISH,Mr Speaker
ENGLISH,Mr Justice
ENGLISH,Mr Dean
ENGLISH,Knight
ENGLISH,Dame
ENGLISH,Knight Grand Cross
ENGLISH,Dame Grand Cross
ENGLISH,Commander
ENGLISH,Member
ENGLISH,His Serene Highness
ENGLISH,Her Grand Ducal Highness
ENGLISH,Justice
SPANISH,Señor
SPANISH,Sr.
SPANISH,Señora
SPANISH,Sra.
SPANISH,Sr.a
SPANISH,Señorita
SPANISH,Srta.
SPANISH,Don
SPANISH,D.
SPANISH,Doña
SPANISH,Dña.
SPANISH,Licenciado
SPANISH,Licenciada
SPANISH,Lic.
SPANISH,Ingeniero
SPANISH,Ingeniera
SPANISH,Ing.
SPANISH,Doctor
SPANISH,Doctora
SPANISH,Dr.
SPANISH,Dra.
SPANISH,Maestro
SPANISH,Maestra
SPANISH,Profesor
SPANISH,Profesora
SPANISH,Prof.
SPANISH,Alcalde
SPANISH,Alcaldesa
SPANISH,Diputado
SPANISH,Diputada
SPANISH,Senador
SPANISH,Senadora
SPANISH,Juez
SPANISH,Jueza
SPANISH,Fiscal
SPANISH,Duque
SPANISH,Duquesa
SPANISH,Marqués
SPANISH,Marquesa
SPANISH,Conde
SPANISH,Condesa
SPANISH,Vizconde
SPANISH,Vizcondesa
SPANISH,Barón
SPANISH,Baronesa
SPANISH,Excelentísimo Señor
SPANISH,Excelentísima Señora
SPANISH,Excmo. Sr.
SPANISH,Excma. Sra.
SPANISH,Ilustrísimo Señor
SPANISH,Ilustrísima Señora
SPANISH,Ilmo. Sr.
SPANISH,Ilma. Sra.
SPANISH,Su Majestad
SPANISH,S.M.
SPANISH,Su Alteza
SPANISH,S.A.
SPANISH,Vuestra Alteza
SPANISH,V.A.
SPANISH,Su Excelencia
SPANISH,S.E.
SPANISH,Vuestra Excelencia
SPANISH,V.E.
SPANISH,Su Santidad
SPANISH,S.S.
SPANISH,Señoría
SPANISH,S. a.
SPANISH,Sres.
SPANISH,Sras.
SPANISH,Licenciados
SPANISH,Arquitecto
SPANISH,Arquitecta
SPANISH,Arq.
SPANISH,Contador
SPANISH,Contadora
SPANISH,Enfermero
SPANISH,Enfermera
SPANISH,Dentista
SPANISH,Terapeuta
SPANISH,Fisioterapeuta
SPANISH,Farmacéutico
SPANISH,Farmacéutica
SPANISH,Psicólogo
SPANISH,Psicóloga
SPANISH,Veterinario
SPANISH,Veterinaria
SPANISH,Cirujano
SPANISH,Cirujana
SPANISH,Ginecólogo
SPANISH,Ginecóloga
SPANISH,Pediatra
SPANISH,Cardiólogo
SPANISH,Cardióloga
SPANISH,Oftalmólogo
SPANISH,Oftalmóloga
SPANISH,Optometrista
SPANISH,Ministro
SPANISH,Ministra
SPANISH,Policía
SPANISH,Abogado
SPANISH,Abogada
SPANISH,Diplomático
SPANISH,Diplomática
SPANISH,Secretario de Estado
SPANISH,Secretaria de Estado
SPANISH,Programador
SPANISH,Programadora
SPANISH,Diseñador
SPANISH,Diseñadora
SPANISH,Principal
SPANISH,Director
SPANISH,Directora
SPANISH,Psicopedagogo
SPANISH,Psicopedagoga
SPANISH,Analista financiero
SPANISH,Analista financiera
SPANISH,Consultor
SPANISH,Consultora
SPANISH,Agente de ventas
SPANISH,Productor
SPANISH,Productora
SPANISH,Guionista
SPANISH,Animador
SPANISH,Animadora
SPANISH,Camarero
SPANISH,Camarera
SPANISH,Chef
SPANISH,Cocinero
SPANISH,Cocinera
SPANISH,Peluquero
SPANISH,Peluquera
SPANISH,Esteticista
SPANISH,Piloto
SPANISH,Pilota
SPANISH,Geólogo
SPANISH,Geóloga
SPANISH,Cartógrafo
SPANISH,Cartógrafa
SPANISH,Agricultor
SPANISH,Agricultora
SPANISH,Carpintero
SPANISH,Carpintera
SPANISH,Electricista
SPANISH,Fontanero
SPANISH,Fontanera
SPANISH,Albañil
SPANISH,Joven
SPANISH,Rey
SPANISH,Reina
SPANISH,Actor
SPANISH,Actriz
SPANISH,Emperador
SPANISH,Emperatriz
SPANISH,Soldado
SPANISH,Presidente
SPANISH,Presidenta
SPANISH,Rabino
SPANISH,Catedrático
SPANISH,Sicológico
SPANISH,Marinero
SPANISH,Vendedor
SPANISH,Científico
SPANISH,Secretario
SPANISH,Criado
SPANISH,Asistente social
SPANISH,Escritor
SPANISH,Soldador
SPANISH,Reverendísimo Señor
SPANISH,Rev. Sr.
FRENCH,Monsieur
FRENCH,M.
FRENCH,Madame
FRENCH,Mme
FRENCH,Mademoiselle
FRENCH,Mlle
FRENCH,Mle
FRENCH,Docteur
FRENCH,Dr
FRENCH,Professeur
FRENCH,Pr
FRENCH,Maître
FRENCH,Me
FRENCH,Frère
FRENCH,F.
FRENCH,Père
FRENCH,P.
FRENCH,Révérend Père
FRENCH,R.P.
FRENCH,Saint
FRENCH,St
FRENCH,Sainte
FRENCH,Ste
FRENCH,Sœur
FRENCH,Sr
FRENCH,Mère
FRENCH,Monseigneur
FRENCH,Mgr
FRENCH,Veuve
FRENCH,Vve
FRENCH,Votre Majesté
FRENCH,V.M.
FRENCH,Sa Majesté
FRENCH,S.M.
FRENCH,Sire
FRENCH,Duc
FRENCH,Duchesse
FRENCH,Prince
FRENCH,Princesse
FRENCH,Comte
FRENCH,Comtesse
FRENCH,Baron
FRENCH,Baronne
FRENCH,Monsieur le Président
FRENCH,Madame la Présidente
FRENCH,Madame le Président
FRENCH,Monsieur le Juge
FRENCH,Madame la Juge
FRENCH,Madame le Juge
FRENCH,Monsieur le Ministre
FRENCH,Monsieur l'Abbé
FRENCH,Mon Père
FRENCH,Dom
FRENCH,Le Révérend Père
FRENCH,Ma Mère
FRENCH,Messieurs
FRENCH,Mesdames
FRENCH,Mesdemoiselles
FRENCH,Comptable
FRENCH,Assistant administratif
FRENCH,Chef exécutif
FRENCH,Directeur général
FRENCH,Serveur
FRENCH,Serveuse
FRENCH,Bagagiste
FRENCH,Responsable d'événements
FRENCH,Agent de sécurité
FRENCH,Sous-chef
FRENCH,Voiturier
FRENCH,Archevêque
FRENCH,Archichancelier
FRENCH,Archichapelain
FRENCH,Archidiacre
FRENCH,Archiduc
FRENCH,Archiduchesse
FRENCH,Archiprêtre
FRENCH,Architecte
FRENCH,Archiviste
FRENCH,Avocat
FRENCH,Avocate
FRENCH,Cardinal
FRENCH,Capitaine
FRENCH,Chancelier
FRENCH,Chef
FRENCH,Cheffe
FRENCH,Chef d'équipe
FRENCH,Chef d'orchestre
FRENCH,Chef de famille
FRENCH,Commandant
FRENCH,Commandeur
FRENCH,Commissaire
FRENCH,Commodore
FRENCH,Compositeur
FRENCH,Concierge
FRENCH,Conseiller
FRENCH,Constable
FRENCH,Contremaitre
FRENCH,Cuisinier
FRENCH,Cuisinière
FRENCH,Cuisinier adjoint
FRENCH,Monsieur le rabbin
FRENCH,Monsieur l'imam
FRENCH,Madame la directrice
FRENCH,Monsieur le comte
FRENCH,Mesdames
FRENCH,Monsieur le maire
FRENCH,Chère Madame
FRENCH,Cher Professeur
FRENCH,Cher Maître
FRENCH,Chère Mademoiselle
FRENCH,Monsieur le duc
FRENCH,Madame la duchesse
FRENCH,Monsieur le rabbin
FRENCH,Monsieur l'imam
FRENCH,Monsieur le Ministre
FRENCH,Monsieur le Président
FRENCH,Madame la Présidente
FRENCH,Madame le Président
FRENCH,Monsieur le Juge
FRENCH,Madame la Juge
FRENCH,Madame le Juge
FRENCH,Monsieur l'Abbé
FRENCH,Mon Père
FRENCH,Dom
FRENCH,Le Révérend Père
FRENCH,Ma Mère
FRENCH,Monsieur le rabbin
FRENCH,Monsieur l'imam
FRENCH,Madame la baronne
FRENCH,Le comptable
FRENCH,La comptable
FRENCH,Le banquier
FRENCH,La banquière
FRENCH,L'homme d'affaires
FRENCH,La femme d'affaires
FRENCH,Le directeur
FRENCH,La directrice
FRENCH,Le consultant
FRENCH,La consultante
FRENCH,L'économiste
FRENCH,L'acteur
FRENCH,L'actrice
FRENCH,Le photographe
FRENCH,La photographe
FRENCH,Le chanteur
FRENCH,La chanteuse
FRENCH,Le rédacteur
FRENCH,La rédactrice
FRENCH,L'écrivain
FRENCH,L'écrivaine
FRENCH,Le musicien
FRENCH,La musicienne
FRENCH,L'administrateur
FRENCH,L'administratrice
FRENCH,Le professeur
FRENCH,La professeure
FRENCH,Le chercheur
FRENCH,La chercheuse
FRENCH,L'infirmier scolaire
FRENCH,L'infirmière scolaire
FRENCH,Le conseiller d'orientation
FRENCH,La conseillère d'orientation
FRENCH,Le gardien
FRENCH,La gardienne
FRENCH,Le concierge
FRENCH,La concierge
FRENCH,Le bibliothécaire
FRENCH,La bibliothécaire
FRENCH,Le secrétaire
FRENCH,La secrétaire
FRENCH,Le dentiste
FRENCH,La dentiste
FRENCH,Le diététicien
FRENCH,La diététicienne
FRENCH,Le médecin
FRENCH,La médecin
FRENCH,L'infirmier
FRENCH,L'infirmière
FRENCH,L'optométriste
FRENCH,Le pharmacien
FRENCH,La pharmacienne
FRENCH,Le kinésithérapeute
FRENCH,La kinésithérapeute
FRENCH,Le psy
FRENCH,La psy
FRENCH,L'orthophoniste
FRENCH,Le chirurgien
FRENCH,La chirurgienne
FRENCH,Le thérapeute
FRENCH,La thérapeute
FRENCH,Le prof de yoga
FRENCH,La prof de yoga
FRENCH,Le diplomate
FRENCH,La diplomate
FRENCH,Le président
FRENCH,La présidente
FRENCH,Le sénateur
FRENCH,La sénatrice
FRENCH,Le travailleur social
FRENCH,La travailleuse sociale
FRENCH,L'éboueur
FRENCH,L'éboueuse
FRENCH,L'opérateur de secours
FRENCH,L'opératrice de secours
FRENCH,Le pompier
FRENCH,La pompière
FRENCH,Le fonctionnaire
FRENCH,La fonctionnaire
FRENCH,Le juge
FRENCH,La juge
FRENCH,L'avocat
FRENCH,L'avocate
FRENCH,Le maire
FRENCH,La maire
FRENCH,Le barbier
FRENCH,La barbière
FRENCH,Le chef
FRENCH,La chef
FRENCH,Le cuisinier
FRENCH,La cuisinière
FRENCH,Le fermier
FRENCH,La fermière
FRENCH,L'agriculteur
FRENCH,L'agricultrice
FRENCH,Le coiffeur
FRENCH,La coiffeuse
FRENCH,L'hôtelier
FRENCH,L'hôtelière
FRENCH,Le massothérapeute
FRENCH,La massothérapeute
FRENCH,Le mécanicien
FRENCH,La mécanicienne
FRENCH,Le primeur
FRENCH,La primeuse
FRENCH,Le réceptionniste
FRENCH,La réceptionniste
FRENCH,Le vendeur
FRENCH,La vendeuse
FRENCH,Le gérant
FRENCH,La gérante
FRENCH,L'agent de voyage
FRENCH,L'agente de voyage
FRENCH,Le guide touristique
FRENCH,La guide touristique
FRENCH,Le guide accompagnateur
FRENCH,La guide accompagnateur
FRENCH,Le serveur
FRENCH,La serveuse
FRENCH,Le menuisier
FRENCH,La menuisière
FRENCH,L'ébéniste
FRENCH,Le ramoneur
FRENCH,La ramoneuse
FRENCH,Le grutier
FRENCH,La grutière
FRENCH,Le plaquiste
FRENCH,L'analyste en cybersécurité
FRENCH,L'expert en référencement
FRENCH,L'experte en référencement
FRENCH,L'ingénieur logiciel
FRENCH,L'ingénieuse logiciel
FRENCH,Le technicien
FRENCH,La technicienne
FRENCH,Le développeur web
FRENCH,La développeuse web
FRENCH,Le contrôleur aérien
FRENCH,La contrôleuse aérienne
FRENCH,L'agent de bord
FRENCH,L'agente de bord
FRENCH,Le pilote
FRENCH,La pilote
FRENCH,Le marin
FRENCH,La marine
FRENCH,Le capitaine de navire
FRENCH,La capitaine de navire
CHINESE,先生
CHINESE,Xiānshēng
CHINESE,小姐
CHINESE,Xiǎojiě
CHINESE,太太
CHINESE,Tàitai
CHINESE,女士
CHINESE,Nǚshì
CHINESE,夫人
CHINESE,Fūrén
CHINESE,公
CHINESE,Gōng
CHINESE,子
CHINESE,Zǐ
CHINESE,老师
CHINESE,Lǎoshī
CHINESE,医生
CHINESE,Yīshēng
CHINESE,博士
CHINESE,Bóshì
CHINESE,教授
CHINESE,Jiàoshòu
CHINESE,经理
CHINESE,Jīnglǐ
CHINESE,主任
CHINESE,Zhǔrèn
CHINESE,总
CHINESE,Zǒng
CHINESE,总裁
CHINESE,Zǒngcái
CHINESE,师傅
CHINESE,Shīfu
CHINESE,护士
CHINESE,Hùshì
CHINESE,会计
CHINESE,Kuàijì
CHINESE,律师
CHINESE,Lǜshī
CHINESE,市长
CHINESE,Shìzhǎng
CHINESE,局长
CHINESE,Júzhǎng
CHINESE,董事长
CHINESE,Dǒngshìzhǎng
CHINESE,老
CHINESE,Lǎo
CHINESE,小
CHINESE,Xiǎo
CHINESE,哥哥
CHINESE,Gēge
CHINESE,弟弟
CHINESE,Dìdi
CHINESE,姐姐
CHINESE,Jiějie
CHINESE,妹妹
CHINESE,Mèimei
CHINESE,叔叔
CHINESE,Shūshu
CHINESE,阿姨
CHINESE,Āyí
CHINESE,爷爷
CHINESE,Yéye
CHINESE,奶奶
CHINESE,Nǎinai
CHINESE,帅哥
CHINESE,Shuài gē
CHINESE,美女
CHINESE,Měi nǚ
CHINESE,首席执行官
CHINESE,shǒuxí zhíxíng guān
CHINESE,总监
CHINESE,zǒngjiān
CHINESE,主管
CHINESE,zhǔguǎn
CHINESE,助理
CHINESE,zhùlǐ
CHINESE,秘书
CHINESE,mìshū
CHINESE,基层员工
CHINESE,jīcéng yuángōng
CHINESE,副教授
CHINESE,fùjiàoshòu
CHINESE,讲师
CHINESE,jiǎngshī
CHINESE,助理教授
CHINESE,zhùlǐ jiàoshòu
CHINESE,助教
CHINESE,zhùjiào
CHINESE,正高级工程师
CHINESE,zhènggāojí gōngchéngshī
CHINESE,高级工程师
CHINESE,gāojí gōngchéngshī
CHINESE,工程师
CHINESE,gōngchéngshī
CHINESE,助理工程师
CHINESE,zhùlǐ gōngchéngshī
CHINESE,研究员
CHINESE,yánjiūyuán
CHINESE,副研究员
CHINESE,fùyánjiūyuán
CHINESE,助理研究员
CHINESE,zhùlǐ yánjiūyuán
CHINESE,实习研究员
CHINESE,shíxí yánjiūyuán
CHINESE,博士后研究员
CHINESE,bóshìhòu yánjiūyuán
CHINESE,研究助理
CHINESE,yánjiū zhùlǐ
CHINESE,教学助理
CHINESE,jiàoxué zhùlǐ
CHINESE,博士研究生
CHINESE,bóshì yánjiūshēng
CHINESE,硕士研究生
CHINESE,shuòshì yánjiūshēng
CHINESE,本科生
CHINESE,běnkēshēng
CHINESE,院士
CHINESE,yuànshì
CHINESE,退休教授
CHINESE,tuìxiū jiàoshòu
CHINESE,名誉教授
CHINESE,míngyù jiàoshòu
CHINESE,特聘教授
CHINESE,tèpìn jiàoshòu
CHINESE,客座教授
CHINESE,kèzuò jiàoshòu
CHINESE,党委副书记
CHINESE,dǎngwěi fùshūjì
CHINESE,校长
CHINESE,xiàozhǎng
CHINESE,副校长
CHINESE,fùxiàozhǎng
CHINESE,院长
CHINESE,yuànzhǎng
CHINESE,所长
CHINESE,suǒzhǎng
CHINESE,副院长
CHINESE,fùyuànzhǎng
CHINESE,副所长
CHINESE,fùsuǒzhǎng
CHINESE,部长
CHINESE,bùzhǎng
CHINESE,系主任
CHINESE,xìzhǔrèn
CHINESE,丞相
CHINESE,Chéng Xiàng
CHINESE,左丞
CHINESE,Zuǒ Chéng
CHINESE,右丞
CHINESE,Yòu Chéng
CHINESE,中书省副丞
CHINESE,Zhōngshū Shěng Fù Chéng
CHINESE,御史大夫
CHINESE,Yùshǐ Dàfū
CHINESE,行省参政
CHINESE,Xíng Shěng Cān Zhèng
CHINESE,行省参议
CHINESE,Xíng Shěng Cān Yì
CHINESE,提刑按察使
CHINESE,Tíxíng Ànchá Shǐ
CHINESE,知府
CHINESE,Zhīfǔ
CHINESE,县令
CHINESE,Xiànlìng
CHINESE,主簿
CHINESE,Zhǔbù
CHINESE,太师
CHINESE,Tàishī
CHINESE,太傅
CHINESE,Tàifù
CHINESE,太保
CHINESE,Tàibǎo
CHINESE,太尉
CHINESE,Tàiwèi
CHINESE,司徒
CHINESE,Sītú
CHINESE,司空
CHINESE,Sīkōng
CHINESE,天策上将
CHINESE,Tiāncè Shàngjiàng
CHINESE,太子太师
CHINESE,Tàizǐ Tàishī
CHINESE,太子太傅
CHINESE,Tàizǐ Tàifù
CHINESE,太子太保
CHINESE,Tàizǐ Tàibǎo
CHINESE,尚书令
CHINESE,Shàngshū Lìng
CHINESE,大行台尚书令
CHINESE,Dàxíngtái Shàngshū Lìng
CHINESE,尚书左右仆射
CHINESE,Shàngshū Zuǒyòu Púyè
CHINESE,太子少师
CHINESE,Tàizǐ Shàoshī
CHINESE,太子少傅
CHINESE,Tàizǐ Shàofù
CHINESE,太子少保
CHINESE,Tàizǐ Shàobǎo
CHINESE,京兆尹
CHINESE,Jīngzhàoyǐn
CHINESE,河南府尹
CHINESE,Hénánfǔyǐn
CHINESE,太原府尹
CHINESE,Tàiyuánfǔyǐn
CHINESE,大都督
CHINESE,Dàdūdū
CHINESE,大都护
CHINESE,Dàdūhù
CHINESE,侍中
CHINESE,Shìzhōng
CHINESE,中书令
CHINESE,Zhōngshū Lìng
CHINESE,六部尚书
CHINESE,Liùbù Shàngshū
CHINESE,太子宾客
CHINESE,Tàizǐ Bīnkè
CHINESE,太常卿
CHINESE,Tàicháng Qīng
CHINESE,中都督
CHINESE,Zhōngdūdū
CHINESE,上都护
CHINESE,Shàngdūhù
CHINESE,秘书监
CHINESE,Mìshū Jiān
CHINESE,光禄卿
CHINESE,Guānglù Qīng
CHINESE,卫尉卿
CHINESE,Wèiwèi Qīng
CHINESE,宗正卿
CHINESE,Zōngzhèng Qīng
CHINESE,大理卿
CHINESE,Dàlǐ Qīng
CHINESE,国子祭酒
CHINESE,Guózǐ Jìjiǔ
CHINESE,少府监
CHINESE,Shàofǔ Jiān
CHINESE,千牛将军
CHINESE,Qiānniú Jiāngjūn
CHINESE,大都督府长史
CHINESE,Dàdūdūfǔ Zhǎngshǐ
CHINESE,上州刺史
CHINESE,Shàngzhōu Cìshǐ
CHINESE,大都护府副都护
CHINESE,Dàdūhùfǔ Fùdūhù
JAPANESE,-san
JAPANESE,さん
JAPANESE,-chan
JAPANESE,ちゃん
JAPANESE,-kun
JAPANESE,くん
JAPANESE,-sama
JAPANESE,さま
JAPANESE,-dono
JAPANESE,殿
JAPANESE,-sensei
JAPANESE,先生
JAPANESE,-senpai
JAPANESE,先輩
JAPANESE,-kouhai
JAPANESE,後輩
JAPANESE,-buchou
JAPANESE,部長
JAPANESE,-kachou
JAPANESE,課長
JAPANESE,-shachou
JAPANESE,社長
JAPANESE,-kaichou
JAPANESE,会長
JAPANESE,honya-san
JAPANESE,sakanaya-san
JAPANESE,shichou-san
JAPANESE,oisha-san
JAPANESE,bengoshi-san
JAPANESE,ojii-chan
JAPANESE,obaa-chan
JAPANESE,oji-chan
JAPANESE,okyakusama
JAPANESE,mina-sama
JAPANESE,kami-sama
JAPANESE,-gyo
JAPANESE,-shi
JAPANESE,し
JAPANESE,o-
JAPANESE,お
JAPANESE,go-
JAPANESE,ご
JAPANESE,okāsan
JAPANESE,お母さん
JAPANESE,omizu
JAPANESE,お水
JAPANESE,go-kazoku
JAPANESE,ご家族
JAPANESE,go-kurōsama
JAPANESE,ご苦労様
JAPANESE,otōsan
JAPANESE,お父さん
JAPANESE,onēsan
JAPANESE,お姉さん
JAPANESE,ojīsan
JAPANESE,お祖父さん
JAPANESE,shachō
JAPANESE,buchō
JAPANESE,kachō
JAPANESE,-han
KOREAN,님
KOREAN,nim
KOREAN,씨
KOREAN,ssi
KOREAN,오빠
KOREAN,Oppa
KOREAN,형
KOREAN,Hyung
KOREAN,언니
KOREAN,Unnie
KOREAN,누나
KOREAN,Nuna
KOREAN,아저씨
KOREAN,Ajusshi
KOREAN,아주머니
KOREAN,Ajumma
KOREAN,이모
KOREAN,Imo
KOREAN,이모님
KOREAN,Imo-nim
KOREAN,어머님
KOREAN,Eomeonim
KOREAN,아버님
KOREAN,Abeonim
KOREAN,동생
KOREAN,Dongsaeng
KOREAN,여동생
KOREAN,Yeodongsaeng
KOREAN,선생님
KOREAN,Seonsaengnim
KOREAN,선배
KOREAN,Seonbae
KOREAN,후배
KOREAN,Hubae
KOREAN,사장님
KOREAN,Sajangnim
KOREAN,회장님
KOREAN,Hoejangnim
KOREAN,팀장님
KOREAN,Timjangnim
KOREAN,부장님
KOREAN,Bujangnim
KOREAN,과장님
KOREAN,Gwajangnim
KOREAN,대리님
KOREAN,Daerinim
KOREAN,군
KOREAN,Gun
KOREAN,양
KOREAN,Yang
KOREAN,귀하
KOREAN,Gwiha
KOREAN,선배님
KOREAN,Seonbaenim
KOREAN,후배님
KOREAN,Hubae-nim
KOREAN,오라버니
KOREAN,orabeoni
KOREAN,누님
KOREAN,nunim
KOREAN,형님
KOREAN,hyeongnim
KOREAN,동생분
KOREAN,dongsaengbun
KOREAN,아드님
KOREAN,adeulnim
KOREAN,따님
KOREAN,ddanim
KOREAN,사모님
KOREAN,Samonim
KOREAN,부모님
KOREAN,Bumonim
KOREAN,회원님
KOREAN,Hoewonim
KOREAN,회장
KOREAN,Hwe-Jang
KOREAN,대표
KOREAN,Dae-Pyo
KOREAN,사장
KOREAN,Sa-jang
KOREAN,전무
KOREAN,Jeon-moo
KOREAN,상무
KOREAN,Sang-moo
KOREAN,이사
KOREAN,Ee-sa
KOREAN,사외이사
KOREAN,Sa-oe Ee-sa
KOREAN,고문
KOREAN,Go-moon
KOREAN,감사
KOREAN,Gam-sa
KOREAN,수석부장
KOREAN,Soo-Seok Bu-Jang
KOREAN,실장
KOREAN,Shil-Jang
KOREAN,차장
KOREAN,Cha-Jang
KOREAN,과장
KOREAN,Gwa-Jang
KOREAN,대리
KOREAN,Dae-Ri
KOREAN,주임
KOREAN,Ju-im
KOREAN,사원
KOREAN,Sa-won
KOREAN,신입사원
KOREAN,Shin-ip Sa-won
KOREAN,반장
KOREAN,Ban-jang
KOREAN,조장
KOREAN,Jo-jang
KOREAN,판매사원
KOREAN,Pan-mae Sa-won